id,id_str,url,date,user,rawContent,replyCount,retweetCount,likeCount,quoteCount,conversationId,hashtags,cashtags,mentionedUsers,links,viewCount,retweetedTweet,quotedTweet,place,coordinates,inReplyToTweetId,inReplyToUser,source,sourceUrl,sourceLabel,media
153236159361847298,153236159361847298,https://twitter.com/elonmusk/status/153236159361847298,2011-12-31 22:08:42+00:00,"{'id': 44196397, 'id_str': '44196397', 'url': 'https://twitter.com/elonmusk', 'username': 'elonmusk', 'displayname': 'Elon Musk', 'rawDescription': '', 'created': datetime.datetime(2009, 6, 2, 20, 12, 29, tzinfo=datetime.timezone.utc), 'followersCount': 158433748, 'friendsCount': 453, 'statusesCount': 31489, 'favouritesCount': 33539, 'listedCount': 127728, 'mediaCount': 1726, 'location': 'ùïè√ê', 'profileImageUrl': 'https://pbs.twimg.com/profile_images/1683325380441128960/yRsRRjGO_normal.jpg', 'profileBannerUrl': 'https://pbs.twimg.com/profile_banners/44196397/1690621312', 'protected': None, 'verified': False, 'blue': True, 'blueType': None, 'descriptionLinks': [], '_type': 'snscrape.modules.twitter.User'}",World violence being super low is probably counter-intuitive to most people. That's because modern media is a misery microscope.,14,67,76,9,153236159361847298,[],[],[],[],,,,,,,,"<a href=""http://twitter.com"" rel=""nofollow"">Twitter Web Client</a>",http://twitter.com,Twitter Web Client,"{'photos': [], 'videos': [], 'animated': []}"
153235426126213120,153235426126213120,https://twitter.com/elonmusk/status/153235426126213120,2011-12-31 22:05:47+00:00,"{'id': 44196397, 'id_str': '44196397', 'url': 'https://twitter.com/elonmusk', 'username': 'elonmusk', 'displayname': 'Elon Musk', 'rawDescription': '', 'created': datetime.datetime(2009, 6, 2, 20, 12, 29, tzinfo=datetime.timezone.utc), 'followersCount': 158433748, 'friendsCount': 453, 'statusesCount': 31489, 'favouritesCount': 33539, 'listedCount': 127728, 'mediaCount': 1726, 'location': 'ùïè√ê', 'profileImageUrl': 'https://pbs.twimg.com/profile_images/1683325380441128960/yRsRRjGO_normal.jpg', 'profileBannerUrl': 'https://pbs.twimg.com/profile_banners/44196397/1690621312', 'protected': None, 'verified': False, 'blue': True, 'blueType': None, 'descriptionLinks': [], '_type': 'snscrape.modules.twitter.User'}",Here's a happy thought for 2012: world violence is at an all time historical low. Excellent piece by Stephen Pinker http://t.co/gv4MLfQe,32,94,119,7,153235426126213120,[],[],[],"[{'url': 'http://j.mp/sLFDtN', 'text': 'j.mp/sLFDtN', 'tcourl': 'http://t.co/gv4MLfQe'}]",,,,,,,,"<a href=""http://twitter.com"" rel=""nofollow"">Twitter Web Client</a>",http://twitter.com,Twitter Web Client,"{'photos': [], 'videos': [], 'animated': []}"
153099684280410112,153099684280410112,https://twitter.com/elonmusk/status/153099684280410112,2011-12-31 13:06:23+00:00,"{'id': 44196397, 'id_str': '44196397', 'url': 'https://twitter.com/elonmusk', 'username': 'elonmusk', 'displayname': 'Elon Musk', 'rawDescription': '', 'created': datetime.datetime(2009, 6, 2, 20, 12, 29, tzinfo=datetime.timezone.utc), 'followersCount': 158433748, 'friendsCount': 453, 'statusesCount': 31489, 'favouritesCount': 33539, 'listedCount': 127728, 'mediaCount': 1726, 'location': 'ùïè√ê', 'profileImageUrl': 'https://pbs.twimg.com/profile_images/1683325380441128960/yRsRRjGO_normal.jpg', 'profileBannerUrl': 'https://pbs.twimg.com/profile_banners/44196397/1690621312', 'protected': None, 'verified': False, 'blue': True, 'blueType': None, 'descriptionLinks': [], '_type': 'snscrape.modules.twitter.User'}",Hacked my Tesla charge connector on a small island in the rain last night #whatcouldpossiblygowrong,49,30,379,15,153099684280410112,['whatcouldpossiblygowrong'],[],[],[],,,,,,,,"<a href=""http://twitter.com"" rel=""nofollow"">Twitter Web Client</a>",http://twitter.com,Twitter Web Client,"{'photos': [], 'videos': [], 'animated': []}"
152774892591398913,152774892591398913,https://twitter.com/elonmusk/status/152774892591398913,2011-12-30 15:35:47+00:00,"{'id': 44196397, 'id_str': '44196397', 'url': 'https://twitter.com/elonmusk', 'username': 'elonmusk', 'displayname': 'Elon Musk', 'rawDescription': '', 'created': datetime.datetime(2009, 6, 2, 20, 12, 29, tzinfo=datetime.timezone.utc), 'followersCount': 158433748, 'friendsCount': 453, 'statusesCount': 31489, 'favouritesCount': 33539, 'listedCount': 127728, 'mediaCount': 1726, 'location': 'ùïè√ê', 'profileImageUrl': 'https://pbs.twimg.com/profile_images/1683325380441128960/yRsRRjGO_normal.jpg', 'profileBannerUrl': 'https://pbs.twimg.com/profile_banners/44196397/1690621312', 'protected': None, 'verified': False, 'blue': True, 'blueType': None, 'descriptionLinks': [], '_type': 'snscrape.modules.twitter.User'}","Not that this really matters. All current rocket tech, including ours, sucks. Only when it becomes fully reusable, will it not suck.",27,179,1290,22,152774892591398913,[],[],[],[],,,,,,,,"<a href=""http://twitter.com"" rel=""nofollow"">Twitter Web Client</a>",http://twitter.com,Twitter Web Client,"{'photos': [], 'videos': [], 'animated': []}"
152759917621690368,152759917621690368,https://twitter.com/elonmusk/status/152759917621690368,2011-12-30 14:36:17+00:00,"{'id': 44196397, 'id_str': '44196397', 'url': 'https://twitter.com/elonmusk', 'username': 'elonmusk', 'displayname': 'Elon Musk', 'rawDescription': '', 'created': datetime.datetime(2009, 6, 2, 20, 12, 29, tzinfo=datetime.timezone.utc), 'followersCount': 158433748, 'friendsCount': 453, 'statusesCount': 31489, 'favouritesCount': 33539, 'listedCount': 127728, 'mediaCount': 1726, 'location': 'ùïè√ê', 'profileImageUrl': 'https://pbs.twimg.com/profile_images/1683325380441128960/yRsRRjGO_normal.jpg', 'profileBannerUrl': 'https://pbs.twimg.com/profile_banners/44196397/1690621312', 'protected': None, 'verified': False, 'blue': True, 'blueType': None, 'descriptionLinks': [], '_type': 'snscrape.modules.twitter.User'}",China unveils ambitious space strategy http://t.co/udHmuft2,12,23,286,0,152759917621690368,[],[],[],"[{'url': 'http://www.nytimes.com/2011/12/30/world/asia/china-unveils-ambitious-plan-to-explore-space.html', 'text': 'nytimes.com/2011/12/30/wor‚Ä¶', 'tcourl': 'http://t.co/udHmuft2'}]",,,,,,,,"<a href=""http://twitter.com"" rel=""nofollow"">Twitter Web Client</a>",http://twitter.com,Twitter Web Client,"{'photos': [], 'videos': [], 'animated': []}"
152614233278910464,152614233278910464,https://twitter.com/elonmusk/status/152614233278910464,2011-12-30 04:57:23+00:00,"{'id': 44196397, 'id_str': '44196397', 'url': 'https://twitter.com/elonmusk', 'username': 'elonmusk', 'displayname': 'Elon Musk', 'rawDescription': '', 'created': datetime.datetime(2009, 6, 2, 20, 12, 29, tzinfo=datetime.timezone.utc), 'followersCount': 158433748, 'friendsCount': 453, 'statusesCount': 31489, 'favouritesCount': 33539, 'listedCount': 127728, 'mediaCount': 1726, 'location': 'ùïè√ê', 'profileImageUrl': 'https://pbs.twimg.com/profile_images/1683325380441128960/yRsRRjGO_normal.jpg', 'profileBannerUrl': 'https://pbs.twimg.com/profile_banners/44196397/1690621312', 'protected': None, 'verified': False, 'blue': True, 'blueType': None, 'descriptionLinks': [], '_type': 'snscrape.modules.twitter.User'}","To be clear, CtG absolutely did *not* bang her horse. They were just close friends who liked to take showers together and spoon at night.",63,81,451,33,152614233278910464,[],[],[],[],,,,,,,,"<a href=""http://twitter.com"" rel=""nofollow"">Twitter Web Client</a>",http://twitter.com,Twitter Web Client,"{'photos': [], 'videos': [], 'animated': []}"
152602438807994369,152602438807994369,https://twitter.com/elonmusk/status/152602438807994369,2011-12-30 04:10:31+00:00,"{'id': 44196397, 'id_str': '44196397', 'url': 'https://twitter.com/elonmusk', 'username': 'elonmusk', 'displayname': 'Elon Musk', 'rawDescription': '', 'created': datetime.datetime(2009, 6, 2, 20, 12, 29, tzinfo=datetime.timezone.utc), 'followersCount': 158433748, 'friendsCount': 453, 'statusesCount': 31489, 'favouritesCount': 33539, 'listedCount': 127728, 'mediaCount': 1726, 'location': 'ùïè√ê', 'profileImageUrl': 'https://pbs.twimg.com/profile_images/1683325380441128960/yRsRRjGO_normal.jpg', 'profileBannerUrl': 'https://pbs.twimg.com/profile_banners/44196397/1690621312', 'protected': None, 'verified': False, 'blue': True, 'blueType': None, 'descriptionLinks': [], '_type': 'snscrape.modules.twitter.User'}","Right mood, scented candles, Barry White singing ""Can't Get Enough of Your Love, Baby"" and the magic (by that I mean horsef*ing) happens ...",118,448,662,145,152602438807994369,[],[],[],[],,,,,,,,"<a href=""http://twitter.com"" rel=""nofollow"">Twitter Web Client</a>",http://twitter.com,Twitter Web Client,"{'photos': [], 'videos': [], 'animated': []}"
152600724222656512,152600724222656512,https://twitter.com/elonmusk/status/152600724222656512,2011-12-30 04:03:42+00:00,"{'id': 44196397, 'id_str': '44196397', 'url': 'https://twitter.com/elonmusk', 'username': 'elonmusk', 'displayname': 'Elon Musk', 'rawDescription': '', 'created': datetime.datetime(2009, 6, 2, 20, 12, 29, tzinfo=datetime.timezone.utc), 'followersCount': 158433748, 'friendsCount': 453, 'statusesCount': 31489, 'favouritesCount': 33539, 'listedCount': 127728, 'mediaCount': 1726, 'location': 'ùïè√ê', 'profileImageUrl': 'https://pbs.twimg.com/profile_images/1683325380441128960/yRsRRjGO_normal.jpg', 'profileBannerUrl': 'https://pbs.twimg.com/profile_banners/44196397/1690621312', 'protected': None, 'verified': False, 'blue': True, 'blueType': None, 'descriptionLinks': [], '_type': 'snscrape.modules.twitter.User'}",I'm just saying that u shouldn't pass judgment based on one night of passion. Sometimes things just happen and u go with the moment :),49,49,147,70,152600724222656512,[],[],[],[],,,,,,,,"<a href=""http://twitter.com"" rel=""nofollow"">Twitter Web Client</a>",http://twitter.com,Twitter Web Client,"{'photos': [], 'videos': [], 'animated': []}"
152599413813018624,152599413813018624,https://twitter.com/elonmusk/status/152599413813018624,2011-12-30 03:58:30+00:00,"{'id': 44196397, 'id_str': '44196397', 'url': 'https://twitter.com/elonmusk', 'username': 'elonmusk', 'displayname': 'Elon Musk', 'rawDescription': '', 'created': datetime.datetime(2009, 6, 2, 20, 12, 29, tzinfo=datetime.timezone.utc), 'followersCount': 158433748, 'friendsCount': 453, 'statusesCount': 31489, 'favouritesCount': 33539, 'listedCount': 127728, 'mediaCount': 1726, 'location': 'ùïè√ê', 'profileImageUrl': 'https://pbs.twimg.com/profile_images/1683325380441128960/yRsRRjGO_normal.jpg', 'profileBannerUrl': 'https://pbs.twimg.com/profile_banners/44196397/1690621312', 'protected': None, 'verified': False, 'blue': True, 'blueType': None, 'descriptionLinks': [], '_type': 'snscrape.modules.twitter.User'}","Sew one button, doesn't make u a tailor; cook one meal, doesn't make u a chef; but f* one horse and u r a horsef*er for all of history...",2013,42072,161659,4043,152599413813018624,[],[],[],[],,,,,,,,"<a href=""http://twitter.com"" rel=""nofollow"">Twitter Web Client</a>",http://twitter.com,Twitter Web Client,"{'photos': [], 'videos': [], 'animated': []}"
152598246475317248,152598246475317248,https://twitter.com/elonmusk/status/152598246475317248,2011-12-30 03:53:51+00:00,"{'id': 44196397, 'id_str': '44196397', 'url': 'https://twitter.com/elonmusk', 'username': 'elonmusk', 'displayname': 'Elon Musk', 'rawDescription': '', 'created': datetime.datetime(2009, 6, 2, 20, 12, 29, tzinfo=datetime.timezone.utc), 'followersCount': 158433748, 'friendsCount': 453, 'statusesCount': 31489, 'favouritesCount': 33539, 'listedCount': 127728, 'mediaCount': 1726, 'location': 'ùïè√ê', 'profileImageUrl': 'https://pbs.twimg.com/profile_images/1683325380441128960/yRsRRjGO_normal.jpg', 'profileBannerUrl': 'https://pbs.twimg.com/profile_banners/44196397/1690621312', 'protected': None, 'verified': False, 'blue': True, 'blueType': None, 'descriptionLinks': [], '_type': 'snscrape.modules.twitter.User'}","Am reading Robert Massie's book on Catherine the Great. Yeah, I know what you're probably thinking ... did she really f* a horse?",32,70,259,22,152598246475317248,[],[],[],[],,,,,,,,"<a href=""http://twitter.com"" rel=""nofollow"">Twitter Web Client</a>",http://twitter.com,Twitter Web Client,"{'photos': [], 'videos': [], 'animated': []}"
152520590719336448,152520590719336448,https://twitter.com/elonmusk/status/152520590719336448,2011-12-29 22:45:17+00:00,"{'id': 44196397, 'id_str': '44196397', 'url': 'https://twitter.com/elonmusk', 'username': 'elonmusk', 'displayname': 'Elon Musk', 'rawDescription': '', 'created': datetime.datetime(2009, 6, 2, 20, 12, 29, tzinfo=datetime.timezone.utc), 'followersCount': 158433748, 'friendsCount': 453, 'statusesCount': 31489, 'favouritesCount': 33539, 'listedCount': 127728, 'mediaCount': 1726, 'location': 'ùïè√ê', 'profileImageUrl': 'https://pbs.twimg.com/profile_images/1683325380441128960/yRsRRjGO_normal.jpg', 'profileBannerUrl': 'https://pbs.twimg.com/profile_banners/44196397/1690621312', 'protected': None, 'verified': False, 'blue': True, 'blueType': None, 'descriptionLinks': [], '_type': 'snscrape.modules.twitter.User'}","Am not saying that is *necessarily* good or bad, but reality will force us to live with the consequences of our actions http://t.co/fnXmhUok",27,39,360,8,152520590719336448,[],[],[],"[{'url': 'http://j.mp/tDhcer', 'text': 'j.mp/tDhcer', 'tcourl': 'http://t.co/fnXmhUok'}]",,,,,,,,"<a href=""http://twitter.com"" rel=""nofollow"">Twitter Web Client</a>",http://twitter.com,Twitter Web Client,"{'photos': [], 'videos': [], 'animated': []}"
152517033207136256,152517033207136256,https://twitter.com/elonmusk/status/152517033207136256,2011-12-29 22:31:09+00:00,"{'id': 44196397, 'id_str': '44196397', 'url': 'https://twitter.com/elonmusk', 'username': 'elonmusk', 'displayname': 'Elon Musk', 'rawDescription': '', 'created': datetime.datetime(2009, 6, 2, 20, 12, 29, tzinfo=datetime.timezone.utc), 'followersCount': 158433748, 'friendsCount': 453, 'statusesCount': 31489, 'favouritesCount': 33539, 'listedCount': 127728, 'mediaCount': 1726, 'location': 'ùïè√ê', 'profileImageUrl': 'https://pbs.twimg.com/profile_images/1683325380441128960/yRsRRjGO_normal.jpg', 'profileBannerUrl': 'https://pbs.twimg.com/profile_banners/44196397/1690621312', 'protected': None, 'verified': False, 'blue': True, 'blueType': None, 'descriptionLinks': [], '_type': 'snscrape.modules.twitter.User'}",Interesting Economist article about how humanity's collective actions have created a fundamentally new geological age -- the Anthropocene.,299,18,176,98,152517033207136256,[],[],[],[],,,,,,,,"<a href=""http://twitter.com"" rel=""nofollow"">Twitter Web Client</a>",http://twitter.com,Twitter Web Client,"{'photos': [], 'videos': [], 'animated': []}"
152394000857448448,152394000857448448,https://twitter.com/elonmusk/status/152394000857448448,2011-12-29 14:22:15+00:00,"{'id': 44196397, 'id_str': '44196397', 'url': 'https://twitter.com/elonmusk', 'username': 'elonmusk', 'displayname': 'Elon Musk', 'rawDescription': '', 'created': datetime.datetime(2009, 6, 2, 20, 12, 29, tzinfo=datetime.timezone.utc), 'followersCount': 158433748, 'friendsCount': 453, 'statusesCount': 31489, 'favouritesCount': 33539, 'listedCount': 127728, 'mediaCount': 1726, 'location': 'ùïè√ê', 'profileImageUrl': 'https://pbs.twimg.com/profile_images/1683325380441128960/yRsRRjGO_normal.jpg', 'profileBannerUrl': 'https://pbs.twimg.com/profile_banners/44196397/1690621312', 'protected': None, 'verified': False, 'blue': True, 'blueType': None, 'descriptionLinks': [], '_type': 'snscrape.modules.twitter.User'}","@om Cool personal essay. It really resonated with me, as I felt the same way after coming very close to dying from malaria ten years ago.",6,14,41,0,152164359987142657,[],[],"[{'id': 989, 'username': 'om', 'displayname': 'OM', '_type': 'snscrape.modules.twitter.UserRef'}]",[],,,,,,152164359987142657,"{'id': 989, 'username': 'om', 'displayname': 'OM', '_type': 'snscrape.modules.twitter.UserRef'}","<a href=""http://twitter.com"" rel=""nofollow"">Twitter Web Client</a>",http://twitter.com,Twitter Web Client,"{'photos': [], 'videos': [], 'animated': []}"
152315925167742977,152315925167742977,https://twitter.com/elonmusk/status/152315925167742977,2011-12-29 09:12:01+00:00,"{'id': 44196397, 'id_str': '44196397', 'url': 'https://twitter.com/elonmusk', 'username': 'elonmusk', 'displayname': 'Elon Musk', 'rawDescription': '', 'created': datetime.datetime(2009, 6, 2, 20, 12, 29, tzinfo=datetime.timezone.utc), 'followersCount': 158433748, 'friendsCount': 453, 'statusesCount': 31489, 'favouritesCount': 33539, 'listedCount': 127728, 'mediaCount': 1726, 'location': 'ùïè√ê', 'profileImageUrl': 'https://pbs.twimg.com/profile_images/1683325380441128960/yRsRRjGO_normal.jpg', 'profileBannerUrl': 'https://pbs.twimg.com/profile_banners/44196397/1690621312', 'protected': None, 'verified': False, 'blue': True, 'blueType': None, 'descriptionLinks': [], '_type': 'snscrape.modules.twitter.User'}","@richardbranson Liked ""Screw Business as Usual"" a lot. This approach should be taken to heart by all, as it really is the smart move.",8,20,141,5,152315925167742977,[],[],"[{'id': 8161232, 'username': 'richardbranson', 'displayname': 'Richard Branson', '_type': 'snscrape.modules.twitter.UserRef'}]",[],,,,,,,"{'id': 8161232, 'username': 'richardbranson', 'displayname': 'Richard Branson', '_type': 'snscrape.modules.twitter.UserRef'}","<a href=""http://twitter.com"" rel=""nofollow"">Twitter Web Client</a>",http://twitter.com,Twitter Web Client,"{'photos': [], 'videos': [], 'animated': []}"
152311993636892672,152311993636892672,https://twitter.com/elonmusk/status/152311993636892672,2011-12-29 08:56:23+00:00,"{'id': 44196397, 'id_str': '44196397', 'url': 'https://twitter.com/elonmusk', 'username': 'elonmusk', 'displayname': 'Elon Musk', 'rawDescription': '', 'created': datetime.datetime(2009, 6, 2, 20, 12, 29, tzinfo=datetime.timezone.utc), 'followersCount': 158433748, 'friendsCount': 453, 'statusesCount': 31489, 'favouritesCount': 33539, 'listedCount': 127728, 'mediaCount': 1726, 'location': 'ùïè√ê', 'profileImageUrl': 'https://pbs.twimg.com/profile_images/1683325380441128960/yRsRRjGO_normal.jpg', 'profileBannerUrl': 'https://pbs.twimg.com/profile_banners/44196397/1690621312', 'protected': None, 'verified': False, 'blue': True, 'blueType': None, 'descriptionLinks': [], '_type': 'snscrape.modules.twitter.User'}","@kanyewest Just returned from Haiti. For those who want to help, I recommend donating to MSF, UNICEF and Artists for Peace & Justice.",32,25,247,5,150720923127922688,[],[],"[{'id': 169686021, 'username': 'kanyewest', 'displayname': 'ye', '_type': 'snscrape.modules.twitter.UserRef'}]",[],,,,,,150720923127922688,"{'id': 169686021, 'username': 'kanyewest', 'displayname': 'ye', '_type': 'snscrape.modules.twitter.UserRef'}","<a href=""http://twitter.com"" rel=""nofollow"">Twitter Web Client</a>",http://twitter.com,Twitter Web Client,"{'photos': [], 'videos': [], 'animated': []}"
152153637639028736,152153637639028736,https://twitter.com/elonmusk/status/152153637639028736,2011-12-28 22:27:08+00:00,"{'id': 44196397, 'id_str': '44196397', 'url': 'https://twitter.com/elonmusk', 'username': 'elonmusk', 'displayname': 'Elon Musk', 'rawDescription': '', 'created': datetime.datetime(2009, 6, 2, 20, 12, 29, tzinfo=datetime.timezone.utc), 'followersCount': 158433748, 'friendsCount': 453, 'statusesCount': 31489, 'favouritesCount': 33539, 'listedCount': 127728, 'mediaCount': 1726, 'location': 'ùïè√ê', 'profileImageUrl': 'https://pbs.twimg.com/profile_images/1683325380441128960/yRsRRjGO_normal.jpg', 'profileBannerUrl': 'https://pbs.twimg.com/profile_banners/44196397/1690621312', 'protected': None, 'verified': False, 'blue': True, 'blueType': None, 'descriptionLinks': [], '_type': 'snscrape.modules.twitter.User'}",@TheOnion So true :),61,10,276,16,152151847614943233,[],[],"[{'id': 14075928, 'username': 'TheOnion', 'displayname': 'The Onion', '_type': 'snscrape.modules.twitter.UserRef'}]",[],,,,,,152151847614943233,"{'id': 14075928, 'username': 'TheOnion', 'displayname': 'The Onion', '_type': 'snscrape.modules.twitter.UserRef'}","<a href=""http://twitter.com"" rel=""nofollow"">Twitter Web Client</a>",http://twitter.com,Twitter Web Client,"{'photos': [], 'videos': [], 'animated': []}"
151809315026636800,151809315026636800,https://twitter.com/elonmusk/status/151809315026636800,2011-12-27 23:38:55+00:00,"{'id': 44196397, 'id_str': '44196397', 'url': 'https://twitter.com/elonmusk', 'username': 'elonmusk', 'displayname': 'Elon Musk', 'rawDescription': '', 'created': datetime.datetime(2009, 6, 2, 20, 12, 29, tzinfo=datetime.timezone.utc), 'followersCount': 158433748, 'friendsCount': 453, 'statusesCount': 31489, 'favouritesCount': 33539, 'listedCount': 127728, 'mediaCount': 1726, 'location': 'ùïè√ê', 'profileImageUrl': 'https://pbs.twimg.com/profile_images/1683325380441128960/yRsRRjGO_normal.jpg', 'profileBannerUrl': 'https://pbs.twimg.com/profile_banners/44196397/1690621312', 'protected': None, 'verified': False, 'blue': True, 'blueType': None, 'descriptionLinks': [], '_type': 'snscrape.modules.twitter.User'}",If you ever wanted to know the *real* truth about the moon landings ...(best Onion article ever) http://t.co/pgNEJsjI,19,42,51,4,151809315026636800,[],[],[],"[{'url': 'http://j.mp/vLhhov', 'text': 'j.mp/vLhhov', 'tcourl': 'http://t.co/pgNEJsjI'}]",,,,,,,,"<a href=""http://twitter.com"" rel=""nofollow"">Twitter Web Client</a>",http://twitter.com,Twitter Web Client,"{'photos': [], 'videos': [], 'animated': []}"
151338939389706242,151338939389706242,https://twitter.com/elonmusk/status/151338939389706242,2011-12-26 16:29:50+00:00,"{'id': 44196397, 'id_str': '44196397', 'url': 'https://twitter.com/elonmusk', 'username': 'elonmusk', 'displayname': 'Elon Musk', 'rawDescription': '', 'created': datetime.datetime(2009, 6, 2, 20, 12, 29, tzinfo=datetime.timezone.utc), 'followersCount': 158433748, 'friendsCount': 453, 'statusesCount': 31489, 'favouritesCount': 33539, 'listedCount': 127728, 'mediaCount': 1726, 'location': 'ùïè√ê', 'profileImageUrl': 'https://pbs.twimg.com/profile_images/1683325380441128960/yRsRRjGO_normal.jpg', 'profileBannerUrl': 'https://pbs.twimg.com/profile_banners/44196397/1690621312', 'protected': None, 'verified': False, 'blue': True, 'blueType': None, 'descriptionLinks': [], '_type': 'snscrape.modules.twitter.User'}",Walked around a neighborhood recently rebuilt with help from APJ and others http://t.co/KYHjsS1k,16,28,337,4,151338939389706242,[],[],[],[],,,,,,,,"<a href=""http://twitter.com/download/iphone"" rel=""nofollow"">Twitter for iPhone</a>",http://twitter.com/download/iphone,Twitter for iPhone,"{'photos': [{'url': 'https://pbs.twimg.com/media/Ahmp9qtCAAAYPDX.jpg'}], 'videos': [], 'animated': []}"
151327734843445249,151327734843445249,https://twitter.com/elonmusk/status/151327734843445249,2011-12-26 15:45:18+00:00,"{'id': 44196397, 'id_str': '44196397', 'url': 'https://twitter.com/elonmusk', 'username': 'elonmusk', 'displayname': 'Elon Musk', 'rawDescription': '', 'created': datetime.datetime(2009, 6, 2, 20, 12, 29, tzinfo=datetime.timezone.utc), 'followersCount': 158433748, 'friendsCount': 453, 'statusesCount': 31489, 'favouritesCount': 33539, 'listedCount': 127728, 'mediaCount': 1726, 'location': 'ùïè√ê', 'profileImageUrl': 'https://pbs.twimg.com/profile_images/1683325380441128960/yRsRRjGO_normal.jpg', 'profileBannerUrl': 'https://pbs.twimg.com/profile_banners/44196397/1690621312', 'protected': None, 'verified': False, 'blue': True, 'blueType': None, 'descriptionLinks': [], '_type': 'snscrape.modules.twitter.User'}","Met with UNICEF, Doctors Without Borders and Artists for Peace & Justice. I support them and would recommend others do too.",13,37,58,2,151327734843445249,[],[],[],[],,,,,,,,"<a href=""http://twitter.com"" rel=""nofollow"">Twitter Web Client</a>",http://twitter.com,Twitter Web Client,"{'photos': [], 'videos': [], 'animated': []}"
151322293174419456,151322293174419456,https://twitter.com/elonmusk/status/151322293174419456,2011-12-26 15:23:40+00:00,"{'id': 44196397, 'id_str': '44196397', 'url': 'https://twitter.com/elonmusk', 'username': 'elonmusk', 'displayname': 'Elon Musk', 'rawDescription': '', 'created': datetime.datetime(2009, 6, 2, 20, 12, 29, tzinfo=datetime.timezone.utc), 'followersCount': 158433748, 'friendsCount': 453, 'statusesCount': 31489, 'favouritesCount': 33539, 'listedCount': 127728, 'mediaCount': 1726, 'location': 'ùïè√ê', 'profileImageUrl': 'https://pbs.twimg.com/profile_images/1683325380441128960/yRsRRjGO_normal.jpg', 'profileBannerUrl': 'https://pbs.twimg.com/profile_banners/44196397/1690621312', 'protected': None, 'verified': False, 'blue': True, 'blueType': None, 'descriptionLinks': [], '_type': 'snscrape.modules.twitter.User'}",Just returned from a trip to Haiti. Covered a lot of ground and saw many tough situations. They need a lot of help.,26,19,61,6,151322293174419456,[],[],[],[],,,,,,,,"<a href=""http://twitter.com"" rel=""nofollow"">Twitter Web Client</a>",http://twitter.com,Twitter Web Client,"{'photos': [], 'videos': [], 'animated': []}"
151317672217419777,151317672217419777,https://twitter.com/elonmusk/status/151317672217419777,2011-12-26 15:05:19+00:00,"{'id': 44196397, 'id_str': '44196397', 'url': 'https://twitter.com/elonmusk', 'username': 'elonmusk', 'displayname': 'Elon Musk', 'rawDescription': '', 'created': datetime.datetime(2009, 6, 2, 20, 12, 29, tzinfo=datetime.timezone.utc), 'followersCount': 158433718, 'friendsCount': 453, 'statusesCount': 31489, 'favouritesCount': 33539, 'listedCount': 127728, 'mediaCount': 1726, 'location': 'ùïè√ê', 'profileImageUrl': 'https://pbs.twimg.com/profile_images/1683325380441128960/yRsRRjGO_normal.jpg', 'profileBannerUrl': 'https://pbs.twimg.com/profile_banners/44196397/1690621312', 'protected': None, 'verified': False, 'blue': True, 'blueType': None, 'descriptionLinks': [], '_type': 'snscrape.modules.twitter.User'}",Single character Tweets are the ulitmate extension of the Twitmeme...,45,11,107,12,151317672217419777,[],[],[],[],,,,,,,,"<a href=""http://twitter.com"" rel=""nofollow"">Twitter Web Client</a>",http://twitter.com,Twitter Web Client,"{'photos': [], 'videos': [], 'animated': []}"
151151777662779392,151151777662779392,https://twitter.com/elonmusk/status/151151777662779392,2011-12-26 04:06:06+00:00,"{'id': 44196397, 'id_str': '44196397', 'url': 'https://twitter.com/elonmusk', 'username': 'elonmusk', 'displayname': 'Elon Musk', 'rawDescription': '', 'created': datetime.datetime(2009, 6, 2, 20, 12, 29, tzinfo=datetime.timezone.utc), 'followersCount': 158433718, 'friendsCount': 453, 'statusesCount': 31489, 'favouritesCount': 33539, 'listedCount': 127728, 'mediaCount': 1726, 'location': 'ùïè√ê', 'profileImageUrl': 'https://pbs.twimg.com/profile_images/1683325380441128960/yRsRRjGO_normal.jpg', 'profileBannerUrl': 'https://pbs.twimg.com/profile_banners/44196397/1690621312', 'protected': None, 'verified': False, 'blue': True, 'blueType': None, 'descriptionLinks': [], '_type': 'snscrape.modules.twitter.User'}",I,159,105,525,20,151151777662779392,[],[],[],[],,,,,,,,"<a href=""http://twitter.com/download/iphone"" rel=""nofollow"">Twitter for iPhone</a>",http://twitter.com/download/iphone,Twitter for iPhone,"{'photos': [], 'videos': [], 'animated': []}"
150390624552615937,150390624552615937,https://twitter.com/elonmusk/status/150390624552615937,2011-12-24 01:41:33+00:00,"{'id': 44196397, 'id_str': '44196397', 'url': 'https://twitter.com/elonmusk', 'username': 'elonmusk', 'displayname': 'Elon Musk', 'rawDescription': '', 'created': datetime.datetime(2009, 6, 2, 20, 12, 29, tzinfo=datetime.timezone.utc), 'followersCount': 158433718, 'friendsCount': 453, 'statusesCount': 31489, 'favouritesCount': 33539, 'listedCount': 127728, 'mediaCount': 1726, 'location': 'ùïè√ê', 'profileImageUrl': 'https://pbs.twimg.com/profile_images/1683325380441128960/yRsRRjGO_normal.jpg', 'profileBannerUrl': 'https://pbs.twimg.com/profile_banners/44196397/1690621312', 'protected': None, 'verified': False, 'blue': True, 'blueType': None, 'descriptionLinks': [], '_type': 'snscrape.modules.twitter.User'}",The Russians are having some challenges with their rockets. Too many of the engineers that designed them have retired: http://t.co/rEs7spSU,50,20,51,24,150390624552615937,[],[],[],"[{'url': 'http://ow.ly/89k5F', 'text': 'ow.ly/89k5F', 'tcourl': 'http://t.co/rEs7spSU'}]",,,,,,,,"<a href=""http://twitter.com"" rel=""nofollow"">Twitter Web Client</a>",http://twitter.com,Twitter Web Client,"{'photos': [], 'videos': [], 'animated': []}"
150388617246801920,150388617246801920,https://twitter.com/elonmusk/status/150388617246801920,2011-12-24 01:33:35+00:00,"{'id': 44196397, 'id_str': '44196397', 'url': 'https://twitter.com/elonmusk', 'username': 'elonmusk', 'displayname': 'Elon Musk', 'rawDescription': '', 'created': datetime.datetime(2009, 6, 2, 20, 12, 29, tzinfo=datetime.timezone.utc), 'followersCount': 158433718, 'friendsCount': 453, 'statusesCount': 31489, 'favouritesCount': 33539, 'listedCount': 127728, 'mediaCount': 1726, 'location': 'ùïè√ê', 'profileImageUrl': 'https://pbs.twimg.com/profile_images/1683325380441128960/yRsRRjGO_normal.jpg', 'profileBannerUrl': 'https://pbs.twimg.com/profile_banners/44196397/1690621312', 'protected': None, 'verified': False, 'blue': True, 'blueType': None, 'descriptionLinks': [], '_type': 'snscrape.modules.twitter.User'}",We had a long and interesting conversation on many subjects. He has exciting ideas for extending his creative talents beyond music.,12,13,49,4,150388617246801920,[],[],[],[],,,,,,,,"<a href=""http://twitter.com"" rel=""nofollow"">Twitter Web Client</a>",http://twitter.com,Twitter Web Client,"{'photos': [], 'videos': [], 'animated': []}"
150387544402575360,150387544402575360,https://twitter.com/elonmusk/status/150387544402575360,2011-12-24 01:29:19+00:00,"{'id': 44196397, 'id_str': '44196397', 'url': 'https://twitter.com/elonmusk', 'username': 'elonmusk', 'displayname': 'Elon Musk', 'rawDescription': '', 'created': datetime.datetime(2009, 6, 2, 20, 12, 29, tzinfo=datetime.timezone.utc), 'followersCount': 158433718, 'friendsCount': 453, 'statusesCount': 31489, 'favouritesCount': 33539, 'listedCount': 127728, 'mediaCount': 1726, 'location': 'ùïè√ê', 'profileImageUrl': 'https://pbs.twimg.com/profile_images/1683325380441128960/yRsRRjGO_normal.jpg', 'profileBannerUrl': 'https://pbs.twimg.com/profile_banners/44196397/1690621312', 'protected': None, 'verified': False, 'blue': True, 'blueType': None, 'descriptionLinks': [], '_type': 'snscrape.modules.twitter.User'}",Kanye stopped by the SpaceX rocket factory today. http://t.co/6z7gHBn6,1258,8109,110097,714,150387544402575360,[],[],[],[],,,,,,,,"<a href=""http://twitter.com"" rel=""nofollow"">Twitter Web Client</a>",http://twitter.com,Twitter Web Client,"{'photos': [{'url': 'https://pbs.twimg.com/media/AhZIrMMCQAAayCv.jpg'}], 'videos': [], 'animated': []}"
149813972915339264,149813972915339264,https://twitter.com/elonmusk/status/149813972915339264,2011-12-22 11:30:10+00:00,"{'id': 44196397, 'id_str': '44196397', 'url': 'https://twitter.com/elonmusk', 'username': 'elonmusk', 'displayname': 'Elon Musk', 'rawDescription': '', 'created': datetime.datetime(2009, 6, 2, 20, 12, 29, tzinfo=datetime.timezone.utc), 'followersCount': 158433718, 'friendsCount': 453, 'statusesCount': 31489, 'favouritesCount': 33539, 'listedCount': 127728, 'mediaCount': 1726, 'location': 'ùïè√ê', 'profileImageUrl': 'https://pbs.twimg.com/profile_images/1683325380441128960/yRsRRjGO_normal.jpg', 'profileBannerUrl': 'https://pbs.twimg.com/profile_banners/44196397/1690621312', 'protected': None, 'verified': False, 'blue': True, 'blueType': None, 'descriptionLinks': [], '_type': 'snscrape.modules.twitter.User'}",Model S options are out! Performance in red and black for me.  I will deliver my car in June/July. http://t.co/acnyP4nh,56,88,890,17,149813972915339264,[],[],[],[],,,,,,,,"<a href=""http://twitter.com/download/iphone"" rel=""nofollow"">Twitter for iPhone</a>",http://twitter.com/download/iphone,Twitter for iPhone,"{'photos': [{'url': 'https://pbs.twimg.com/media/AhQ_A75CQAAYXlN.jpg'}], 'videos': [], 'animated': []}"
149787827712958464,149787827712958464,https://twitter.com/elonmusk/status/149787827712958464,2011-12-22 09:46:16+00:00,"{'id': 44196397, 'id_str': '44196397', 'url': 'https://twitter.com/elonmusk', 'username': 'elonmusk', 'displayname': 'Elon Musk', 'rawDescription': '', 'created': datetime.datetime(2009, 6, 2, 20, 12, 29, tzinfo=datetime.timezone.utc), 'followersCount': 158433718, 'friendsCount': 453, 'statusesCount': 31489, 'favouritesCount': 33539, 'listedCount': 127728, 'mediaCount': 1726, 'location': 'ùïè√ê', 'profileImageUrl': 'https://pbs.twimg.com/profile_images/1683325380441128960/yRsRRjGO_normal.jpg', 'profileBannerUrl': 'https://pbs.twimg.com/profile_banners/44196397/1690621312', 'protected': None, 'verified': False, 'blue': True, 'blueType': None, 'descriptionLinks': [], '_type': 'snscrape.modules.twitter.User'}","Hi, I'm Art Garfunkel. Have you heard the sound of silence? Because, you know, it makes a sound... http://t.co/7vgya9xL",102,174,1114,50,149787827712958464,[],[],[],[],,,,,,,,"<a href=""http://twitter.com/download/iphone"" rel=""nofollow"">Twitter for iPhone</a>",http://twitter.com/download/iphone,Twitter for iPhone,"{'photos': [{'url': 'https://pbs.twimg.com/media/AhQnPFbCIAAEyYJ.jpg'}], 'videos': [], 'animated': []}"
149688828599349251,149688828599349251,https://twitter.com/elonmusk/status/149688828599349251,2011-12-22 03:12:52+00:00,"{'id': 44196397, 'id_str': '44196397', 'url': 'https://twitter.com/elonmusk', 'username': 'elonmusk', 'displayname': 'Elon Musk', 'rawDescription': '', 'created': datetime.datetime(2009, 6, 2, 20, 12, 29, tzinfo=datetime.timezone.utc), 'followersCount': 158433718, 'friendsCount': 453, 'statusesCount': 31489, 'favouritesCount': 33539, 'listedCount': 127728, 'mediaCount': 1726, 'location': 'ùïè√ê', 'profileImageUrl': 'https://pbs.twimg.com/profile_images/1683325380441128960/yRsRRjGO_normal.jpg', 'profileBannerUrl': 'https://pbs.twimg.com/profile_banners/44196397/1690621312', 'protected': None, 'verified': False, 'blue': True, 'blueType': None, 'descriptionLinks': [], '_type': 'snscrape.modules.twitter.User'}",Raul Campos invited me to do a guest DJ gig on KCRW.  Hear my random holiday season music selections at http://t.co/o6FQASvC,26,9,100,2,149688828599349251,[],[],[],"[{'url': 'http://ow.ly/87gEb', 'text': 'ow.ly/87gEb', 'tcourl': 'http://t.co/o6FQASvC'}]",,,,,,,,"<a href=""http://twitter.com"" rel=""nofollow"">Twitter Web Client</a>",http://twitter.com,Twitter Web Client,"{'photos': [], 'videos': [], 'animated': []}"
149629518267695104,149629518267695104,https://twitter.com/elonmusk/status/149629518267695104,2011-12-21 23:17:11+00:00,"{'id': 44196397, 'id_str': '44196397', 'url': 'https://twitter.com/elonmusk', 'username': 'elonmusk', 'displayname': 'Elon Musk', 'rawDescription': '', 'created': datetime.datetime(2009, 6, 2, 20, 12, 29, tzinfo=datetime.timezone.utc), 'followersCount': 158433718, 'friendsCount': 453, 'statusesCount': 31489, 'favouritesCount': 33539, 'listedCount': 127728, 'mediaCount': 1726, 'location': 'ùïè√ê', 'profileImageUrl': 'https://pbs.twimg.com/profile_images/1683325380441128960/yRsRRjGO_normal.jpg', 'profileBannerUrl': 'https://pbs.twimg.com/profile_banners/44196397/1690621312', 'protected': None, 'verified': False, 'blue': True, 'blueType': None, 'descriptionLinks': [], '_type': 'snscrape.modules.twitter.User'}",Yum! Even better than deep fried butter: http://t.co/Ody21NuD,21,25,162,3,149629518267695104,[],[],[],"[{'url': 'http://ow.ly/877EB', 'text': 'ow.ly/877EB', 'tcourl': 'http://t.co/Ody21NuD'}]",,,,,,,,"<a href=""http://twitter.com"" rel=""nofollow"">Twitter Web Client</a>",http://twitter.com,Twitter Web Client,"{'photos': [], 'videos': [], 'animated': []}"
149447517325635584,149447517325635584,https://twitter.com/elonmusk/status/149447517325635584,2011-12-21 11:13:59+00:00,"{'id': 44196397, 'id_str': '44196397', 'url': 'https://twitter.com/elonmusk', 'username': 'elonmusk', 'displayname': 'Elon Musk', 'rawDescription': '', 'created': datetime.datetime(2009, 6, 2, 20, 12, 29, tzinfo=datetime.timezone.utc), 'followersCount': 158433718, 'friendsCount': 453, 'statusesCount': 31489, 'favouritesCount': 33539, 'listedCount': 127728, 'mediaCount': 1726, 'location': 'ùïè√ê', 'profileImageUrl': 'https://pbs.twimg.com/profile_images/1683325380441128960/yRsRRjGO_normal.jpg', 'profileBannerUrl': 'https://pbs.twimg.com/profile_banners/44196397/1690621312', 'protected': None, 'verified': False, 'blue': True, 'blueType': None, 'descriptionLinks': [], '_type': 'snscrape.modules.twitter.User'}","Yeah, this really is me, as my Mom @mayemusk will attest.
Not sure I can handle just doing 140 char missives. Will put longer thoughts on G+",25,14,68,10,149447517325635584,[],[],"[{'id': 14171401, 'username': 'mayemusk', 'displayname': 'Maye Musk', '_type': 'snscrape.modules.twitter.UserRef'}]",[],,,,,,,,"<a href=""http://twitter.com"" rel=""nofollow"">Twitter Web Client</a>",http://twitter.com,Twitter Web Client,"{'photos': [], 'videos': [], 'animated': []}"
149444078210256896,149444078210256896,https://twitter.com/elonmusk/status/149444078210256896,2011-12-21 11:00:19+00:00,"{'id': 44196397, 'id_str': '44196397', 'url': 'https://twitter.com/elonmusk', 'username': 'elonmusk', 'displayname': 'Elon Musk', 'rawDescription': '', 'created': datetime.datetime(2009, 6, 2, 20, 12, 29, tzinfo=datetime.timezone.utc), 'followersCount': 158433718, 'friendsCount': 453, 'statusesCount': 31489, 'favouritesCount': 33539, 'listedCount': 127728, 'mediaCount': 1726, 'location': 'ùïè√ê', 'profileImageUrl': 'https://pbs.twimg.com/profile_images/1683325380441128960/yRsRRjGO_normal.jpg', 'profileBannerUrl': 'https://pbs.twimg.com/profile_banners/44196397/1690621312', 'protected': None, 'verified': False, 'blue': True, 'blueType': None, 'descriptionLinks': [], '_type': 'snscrape.modules.twitter.User'}","Got called randomly by Kanye West today and received a download of his thoughts, ranging from shoes to Moses. He was polite, but opaque.",37,717,2427,57,149444078210256896,[],[],[],[],,,,,,,,"<a href=""http://twitter.com"" rel=""nofollow"">Twitter Web Client</a>",http://twitter.com,Twitter Web Client,"{'photos': [], 'videos': [], 'animated': []}"
149441101684686848,149441101684686848,https://twitter.com/elonmusk/status/149441101684686848,2011-12-21 10:48:29+00:00,"{'id': 44196397, 'id_str': '44196397', 'url': 'https://twitter.com/elonmusk', 'username': 'elonmusk', 'displayname': 'Elon Musk', 'rawDescription': '', 'created': datetime.datetime(2009, 6, 2, 20, 12, 29, tzinfo=datetime.timezone.utc), 'followersCount': 158433718, 'friendsCount': 453, 'statusesCount': 31489, 'favouritesCount': 33539, 'listedCount': 127728, 'mediaCount': 1726, 'location': 'ùïè√ê', 'profileImageUrl': 'https://pbs.twimg.com/profile_images/1683325380441128960/yRsRRjGO_normal.jpg', 'profileBannerUrl': 'https://pbs.twimg.com/profile_banners/44196397/1690621312', 'protected': None, 'verified': False, 'blue': True, 'blueType': None, 'descriptionLinks': [], '_type': 'snscrape.modules.twitter.User'}","His singing and acting talent will be sorely missed:  http://t.co/IIFKob75
South Park sequel coming soon...",7,10,46,1,149441101684686848,[],[],[],"[{'url': 'http://www.youtube.com/watch?v=jdug6yHJB40&feature=related', 'text': 'youtube.com/watch?v=jdug6y‚Ä¶', 'tcourl': 'http://t.co/IIFKob75'}]",,,,,,,,"<a href=""http://twitter.com"" rel=""nofollow"">Twitter Web Client</a>",http://twitter.com,Twitter Web Client,"{'photos': [], 'videos': [], 'animated': []}"
149439686702661632,149439686702661632,https://twitter.com/elonmusk/status/149439686702661632,2011-12-21 10:42:52+00:00,"{'id': 44196397, 'id_str': '44196397', 'url': 'https://twitter.com/elonmusk', 'username': 'elonmusk', 'displayname': 'Elon Musk', 'rawDescription': '', 'created': datetime.datetime(2009, 6, 2, 20, 12, 29, tzinfo=datetime.timezone.utc), 'followersCount': 158433718, 'friendsCount': 453, 'statusesCount': 31489, 'favouritesCount': 33539, 'listedCount': 127728, 'mediaCount': 1726, 'location': 'ùïè√ê', 'profileImageUrl': 'https://pbs.twimg.com/profile_images/1683325380441128960/yRsRRjGO_normal.jpg', 'profileBannerUrl': 'https://pbs.twimg.com/profile_banners/44196397/1690621312', 'protected': None, 'verified': False, 'blue': True, 'blueType': None, 'descriptionLinks': [], '_type': 'snscrape.modules.twitter.User'}",Why does the crowd cry over the glorious leader Kim Il Sung's death?  Fear of being shot may play a role:  http://t.co/hoQrYtG1,28,17,145,14,149439686702661632,[],[],[],"[{'url': 'http://ow.ly/86gDA', 'text': 'ow.ly/86gDA', 'tcourl': 'http://t.co/hoQrYtG1'}]",,,,,,,,"<a href=""http://twitter.com"" rel=""nofollow"">Twitter Web Client</a>",http://twitter.com,Twitter Web Client,"{'photos': [], 'videos': [], 'animated': []}"
149436471764459520,149436471764459520,https://twitter.com/elonmusk/status/149436471764459520,2011-12-21 10:30:05+00:00,"{'id': 44196397, 'id_str': '44196397', 'url': 'https://twitter.com/elonmusk', 'username': 'elonmusk', 'displayname': 'Elon Musk', 'rawDescription': '', 'created': datetime.datetime(2009, 6, 2, 20, 12, 29, tzinfo=datetime.timezone.utc), 'followersCount': 158433718, 'friendsCount': 453, 'statusesCount': 31489, 'favouritesCount': 33539, 'listedCount': 127728, 'mediaCount': 1726, 'location': 'ùïè√ê', 'profileImageUrl': 'https://pbs.twimg.com/profile_images/1683325380441128960/yRsRRjGO_normal.jpg', 'profileBannerUrl': 'https://pbs.twimg.com/profile_banners/44196397/1690621312', 'protected': None, 'verified': False, 'blue': True, 'blueType': None, 'descriptionLinks': [], '_type': 'snscrape.modules.twitter.User'}",Sam Harris also wrote a nice piece on the awesomeness of Hitchens: http://t.co/fPkLiK3v May the good man RIP.,14,26,123,11,149436471764459520,[],[],[],"[{'url': 'http://www.samharris.org/blog/item/hitch/', 'text': 'samharris.org/blog/item/hitc‚Ä¶', 'tcourl': 'http://t.co/fPkLiK3v'}]",,,,,,,,"<a href=""http://twitter.com"" rel=""nofollow"">Twitter Web Client</a>",http://twitter.com,Twitter Web Client,"{'photos': [], 'videos': [], 'animated': []}"
149435658115612672,149435658115612672,https://twitter.com/elonmusk/status/149435658115612672,2011-12-21 10:26:51+00:00,"{'id': 44196397, 'id_str': '44196397', 'url': 'https://twitter.com/elonmusk', 'username': 'elonmusk', 'displayname': 'Elon Musk', 'rawDescription': '', 'created': datetime.datetime(2009, 6, 2, 20, 12, 29, tzinfo=datetime.timezone.utc), 'followersCount': 158433718, 'friendsCount': 453, 'statusesCount': 31489, 'favouritesCount': 33539, 'listedCount': 127728, 'mediaCount': 1726, 'location': 'ùïè√ê', 'profileImageUrl': 'https://pbs.twimg.com/profile_images/1683325380441128960/yRsRRjGO_normal.jpg', 'profileBannerUrl': 'https://pbs.twimg.com/profile_banners/44196397/1690621312', 'protected': None, 'verified': False, 'blue': True, 'blueType': None, 'descriptionLinks': [], '_type': 'snscrape.modules.twitter.User'}","Read ""Lying"", the new book by my friend Sam Harris.  Excellent cover art and lots of good reasons not to lie!",27,65,313,31,149435658115612672,[],[],[],[],,,,,,,,"<a href=""http://twitter.com"" rel=""nofollow"">Twitter Web Client</a>",http://twitter.com,Twitter Web Client,"{'photos': [], 'videos': [], 'animated': []}"
143171132814671872,143171132814671872,https://twitter.com/elonmusk/status/143171132814671872,2011-12-04 03:33:52+00:00,"{'id': 44196397, 'id_str': '44196397', 'url': 'https://twitter.com/elonmusk', 'username': 'elonmusk', 'displayname': 'Elon Musk', 'rawDescription': '', 'created': datetime.datetime(2009, 6, 2, 20, 12, 29, tzinfo=datetime.timezone.utc), 'followersCount': 158433718, 'friendsCount': 453, 'statusesCount': 31489, 'favouritesCount': 33539, 'listedCount': 127728, 'mediaCount': 1726, 'location': 'ùïè√ê', 'profileImageUrl': 'https://pbs.twimg.com/profile_images/1683325380441128960/yRsRRjGO_normal.jpg', 'profileBannerUrl': 'https://pbs.twimg.com/profile_banners/44196397/1690621312', 'protected': None, 'verified': False, 'blue': True, 'blueType': None, 'descriptionLinks': [], '_type': 'snscrape.modules.twitter.User'}",Am reading a great biography of Ben Franklin by Isaacson. Highly recommended.,43,32,234,33,143171132814671872,[],[],[],[],,,,,,,,"<a href=""http://twitter.com/download/iphone"" rel=""nofollow"">Twitter for iPhone</a>",http://twitter.com/download/iphone,Twitter for iPhone,"{'photos': [], 'videos': [], 'animated': []}"
142881284019060736,142881284019060736,https://twitter.com/elonmusk/status/142881284019060736,2011-12-03 08:22:07+00:00,"{'id': 44196397, 'id_str': '44196397', 'url': 'https://twitter.com/elonmusk', 'username': 'elonmusk', 'displayname': 'Elon Musk', 'rawDescription': '', 'created': datetime.datetime(2009, 6, 2, 20, 12, 29, tzinfo=datetime.timezone.utc), 'followersCount': 158433718, 'friendsCount': 453, 'statusesCount': 31489, 'favouritesCount': 33539, 'listedCount': 127728, 'mediaCount': 1726, 'location': 'ùïè√ê', 'profileImageUrl': 'https://pbs.twimg.com/profile_images/1683325380441128960/yRsRRjGO_normal.jpg', 'profileBannerUrl': 'https://pbs.twimg.com/profile_banners/44196397/1690621312', 'protected': None, 'verified': False, 'blue': True, 'blueType': None, 'descriptionLinks': [], '_type': 'snscrape.modules.twitter.User'}",That was a total non sequitur btw,42,15,142,9,142881284019060736,[],[],[],[],,,,,,,,"<a href=""http://twitter.com/download/iphone"" rel=""nofollow"">Twitter for iPhone</a>",http://twitter.com/download/iphone,Twitter for iPhone,"{'photos': [], 'videos': [], 'animated': []}"
142880871391838208,142880871391838208,https://twitter.com/elonmusk/status/142880871391838208,2011-12-03 08:20:28+00:00,"{'id': 44196397, 'id_str': '44196397', 'url': 'https://twitter.com/elonmusk', 'username': 'elonmusk', 'displayname': 'Elon Musk', 'rawDescription': '', 'created': datetime.datetime(2009, 6, 2, 20, 12, 29, tzinfo=datetime.timezone.utc), 'followersCount': 158433718, 'friendsCount': 453, 'statusesCount': 31489, 'favouritesCount': 33539, 'listedCount': 127728, 'mediaCount': 1726, 'location': 'ùïè√ê', 'profileImageUrl': 'https://pbs.twimg.com/profile_images/1683325380441128960/yRsRRjGO_normal.jpg', 'profileBannerUrl': 'https://pbs.twimg.com/profile_banners/44196397/1690621312', 'protected': None, 'verified': False, 'blue': True, 'blueType': None, 'descriptionLinks': [], '_type': 'snscrape.modules.twitter.User'}","Great Voltaire quote, arguably better than Twain. Hearing news of his own death, Voltaire replied the reports were true, only premature.",35,37,89,5,142880871391838208,[],[],[],[],,,,,,,,"<a href=""http://twitter.com/download/iphone"" rel=""nofollow"">Twitter for iPhone</a>",http://twitter.com/download/iphone,Twitter for iPhone,"{'photos': [], 'videos': [], 'animated': []}"
142188458125963264,142188458125963264,https://twitter.com/elonmusk/status/142188458125963264,2011-12-01 10:29:04+00:00,"{'id': 44196397, 'id_str': '44196397', 'url': 'https://twitter.com/elonmusk', 'username': 'elonmusk', 'displayname': 'Elon Musk', 'rawDescription': '', 'created': datetime.datetime(2009, 6, 2, 20, 12, 29, tzinfo=datetime.timezone.utc), 'followersCount': 158433718, 'friendsCount': 453, 'statusesCount': 31489, 'favouritesCount': 33539, 'listedCount': 127728, 'mediaCount': 1726, 'location': 'ùïè√ê', 'profileImageUrl': 'https://pbs.twimg.com/profile_images/1683325380441128960/yRsRRjGO_normal.jpg', 'profileBannerUrl': 'https://pbs.twimg.com/profile_banners/44196397/1690621312', 'protected': None, 'verified': False, 'blue': True, 'blueType': None, 'descriptionLinks': [], '_type': 'snscrape.modules.twitter.User'}",I made the volume on the Model S http://t.co/wMCnT53M go to 11.  Now I just need to work in a miniature Stonehenge...,45,21,132,8,142188458125963264,[],[],[],"[{'url': 'http://ow.ly/i/mtD7', 'text': 'ow.ly/i/mtD7', 'tcourl': 'http://t.co/wMCnT53M'}]",,,,,,,,"<a href=""http://twitter.com"" rel=""nofollow"">Twitter Web Client</a>",http://twitter.com,Twitter Web Client,"{'photos': [], 'videos': [], 'animated': []}"
142179928203460608,142179928203460608,https://twitter.com/elonmusk/status/142179928203460608,2011-12-01 09:55:11+00:00,"{'id': 44196397, 'id_str': '44196397', 'url': 'https://twitter.com/elonmusk', 'username': 'elonmusk', 'displayname': 'Elon Musk', 'rawDescription': '', 'created': datetime.datetime(2009, 6, 2, 20, 12, 29, tzinfo=datetime.timezone.utc), 'followersCount': 158433718, 'friendsCount': 453, 'statusesCount': 31489, 'favouritesCount': 33539, 'listedCount': 127728, 'mediaCount': 1726, 'location': 'ùïè√ê', 'profileImageUrl': 'https://pbs.twimg.com/profile_images/1683325380441128960/yRsRRjGO_normal.jpg', 'profileBannerUrl': 'https://pbs.twimg.com/profile_banners/44196397/1690621312', 'protected': None, 'verified': False, 'blue': True, 'blueType': None, 'descriptionLinks': [], '_type': 'snscrape.modules.twitter.User'}","Went to Iceland on Sat to ride bumper cars on ice!  No, not the country, Vlad's rink in Van Nuys. Awesome family fun :) http://t.co/rBQXJ9IT",43,25,202,8,142179928203460608,[],[],[],[],,,,,,,,"<a href=""http://twitter.com"" rel=""nofollow"">Twitter Web Client</a>",http://twitter.com,Twitter Web Client,"{'photos': [{'url': 'https://pbs.twimg.com/media/Afkf5DMCAAEJGFr.jpg'}], 'videos': [], 'animated': []}"
